brand,name,price,image,link
Fendi,FENDI Zucca Spalmati Small Roll Tote Tobacco Moro Shows Wear Est. Retail 3% below retail,825,https://cdn.shopify.com/s/files/1/0894/3186/7695/files/27711fb0f1fb0e158984f3abe709c152.jpg?v=1777912828&width=480&height=480&crop=center&format=webp,https://www.fashionphile.com/products/fendi-zucca-spalmati-small-roll-tote-tobacco-moro-1871934
Chanel,CHANEL Shiny Lambskin Quilted Micro 31 Clutch With Chain Black Excellent,2855,https://cdn.shopify.com/s/files/1/0894/3186/7695/files/ad0d9a0795a49933c3a936627be0be21.jpg?v=1773083568&width=480&height=480&crop=center&format=webp,https://www.fashionphile.com/products/chanel-shiny-lambskin-quilted-micro-31-clutch-with-chain-black-1831988
Gucci,GUCCI Nubuck Matelasse Mini GG Marmont Shoulder Bag Grey Excellent Est. Retail 25% below retail,1160,https://cdn.shopify.com/s/files/1/0894/3186/7695/files/48deb0feba8afc72897d0bbbb34b4675.jpg?v=1771081286&width=480&height=480&crop=center&format=webp,https://www.fashionphile.com/products/gucci-nubuck-matelasse-mini-gg-marmont-shoulder-bag-grey-1814976
Celine,CELINE Supple Calfskin Medium Hobo Black Shows Wear Est. Retail 63% below retail,895,https://cdn.shopify.com/s/files/1/0894/3186/7695/files/331fb592ffd0df4e5addbdd767b9e301.jpg?v=1773093010&width=480&height=480&crop=center&format=webp,https://www.fashionphile.com/products/celine-supple-calfskin-medium-hobo-black-1768904
Celine,CELINE Canvas Calfskin Mini Ava Triomphe Shoulder Bag Tan Excellent,1055,https://cdn.shopify.com/s/files/1/0894/3186/7695/files/f2c53c3d3e8379d02f6ca4f76ed0e633.jpg?v=1767799232&width=480&height=480&crop=center&format=webp,https://www.fashionphile.com/products/celine-canvas-calfskin-mini-ava-triomphe-shoulder-bag-tan-1789914
Chloe,CHLOE X MIFUKO Raffia Large Woody Basket Bag White Excellent Est. Retail 16% below retail,795,https://cdn.shopify.com/s/files/1/0894/3186/7695/files/36959f1b3bf6db3edbe4d52a9b190fb4.jpg?v=1777038146&width=480&height=480&crop=center&format=webp,https://www.fashionphile.com/products/chloe-x-mifuko-raffia-large-woody-basket-bag-white-1855733
Bottega Veneta,BOTTEGA VENETA Nappa Maxi Intrecciato The Pouch Oversized Clutch Almond Excellent Est. Retail 36% below retail,2705,https://cdn.shopify.com/s/files/1/0894/3186/7695/files/dbe6ed3f265c511ecf1832e592eded60.jpg?v=1764846272&width=480&height=480&crop=center&format=webp,https://www.fashionphile.com/products/bottega-veneta-nappa-maxi-intrecciato-the-pouch-oversized-clutch-almond-1767786
Gucci,GUCCI Vintage Effect Calfskin Matelasse Diagonal Super Mini Torchon GG Marmont Shoulder Bag Blue Agata Mystic White Excellent Est. Retail 5% below retail,995,https://cdn.shopify.com/s/files/1/0894/3186/7695/files/003b180c107dc32134eb8bc65ed9ce78.jpg?v=1774367803&width=480&height=480&crop=center&format=webp,https://www.fashionphile.com/products/gucci-vintage-effect-calfskin-matelasse-diagonal-super-mini-torchon-gg-marmont-shoulder-bag-blue-agata-mystic-white-1840398
Celine,CELINE Shiny Calfskin Teen Triomphe Bronze Excellent Est. Retail 28% below retail,2915,https://cdn.shopify.com/s/files/1/0894/3186/7695/files/03b5c2e09d54c3da1d1267d035cf5cea.jpg?v=1772659928&width=480&height=480&crop=center&format=webp,https://www.fashionphile.com/products/celine-shiny-calfskin-teen-triomphe-bronze-1822194
Celine,CELINE Shiny Calfskin Medium Triomphe Chestnut Excellent Est. Retail 29% below retail,3095,https://cdn.shopify.com/s/files/1/0894/3186/7695/files/ca1d295adf8c2faf0cb8c30c9dd09de4.jpg?v=1777134837&width=480&height=480&crop=center&format=webp,https://www.fashionphile.com/products/celine-shiny-calfskin-medium-triomphe-chestnut-1866437
Prada,PRADA Padded Velvet Mini Bag Black Excellent Est. Retail 29% below retail,1695,https://cdn.shopify.com/s/files/1/0894/3186/7695/files/c10324744a8c3153a2d1b37a738eacdd.jpg?v=1777134859&width=480&height=480&crop=center&format=webp,https://www.fashionphile.com/products/prada-padded-velvet-mini-bag-black-1866450
Louis Vuitton,LOUIS VUITTON Monogram Neo Neverfull MM Excellent Est. Retail 13% below retail,1895,https://cdn.shopify.com/s/files/1/0894/3186/7695/files/95ec9fb77b7340367afca148477e0699.jpg?v=1776457233&width=480&height=480&crop=center&format=webp,https://www.fashionphile.com/products/louis-vuitton-monogram-neo-neverfull-mm-1863672
Louis Vuitton,LOUIS VUITTON Electric Epi Brea GM Black Shows Wear Est. Retail 72% below retail,665,https://cdn.shopify.com/s/files/1/0894/3186/7695/files/0392b10fc940e49d1999feedc9f2f51f.jpg?v=1772288274&width=480&height=480&crop=center&format=webp,https://www.fashionphile.com/products/louis-vuitton-electric-epi-brea-gm-black-1801479
Louis Vuitton,LOUIS VUITTON Monogram Speedy 25 Excellent,1825,https://cdn.shopify.com/s/files/1/0894/3186/7695/files/5d1ef675efe6aa93ba56fa2ad1c4a37d.jpg?v=1776529455&width=480&height=480&crop=center&format=webp,https://www.fashionphile.com/products/louis-vuitton-monogram-speedy-25-1863595
Celine,CELINE Supple Calfskin Small Triomphe Heloise Shoulder Bag Tan Excellent,3175,https://cdn.shopify.com/s/files/1/0894/3186/7695/files/c6465c5f3d3a1e1d6cc5fd4579fad77f.jpg?v=1773154470&width=480&height=480&crop=center&format=webp,https://www.fashionphile.com/products/celine-supple-calfskin-small-triomphe-heloise-shoulder-bag-tan-1829309
Saint Laurent,SAINT LAURENT Raffia Monogram Medium Jamie Natural Avorio Excellent Est. Retail 30% below retail,1995,https://cdn.shopify.com/s/files/1/0894/3186/7695/files/cbf57eb0179587b0289fb190fd087409.jpg?v=1776905749&width=480&height=480&crop=center&format=webp,https://www.fashionphile.com/products/saint-laurent-raffia-monogram-medium-jamie-natural-avorio-1855283
Chanel,CHANEL Patent Enamel Quilted Coco Hearts Clutch With Chain Black Excellent,3125,https://cdn.shopify.com/s/files/1/0894/3186/7695/files/df6f5150c67c6153afea68f9bd775447.jpg?v=1772898188&width=480&height=480&crop=center&format=webp,https://www.fashionphile.com/products/chanel-patent-enamel-quilted-coco-hearts-clutch-with-chain-black-1828650
Louis Vuitton,LOUIS VUITTON Calfskin Monogram Shadow Discovery Bumbag PM Black Excellent Est. Retail 29% below retail,1650,https://cdn.shopify.com/s/files/1/0894/3186/7695/files/6c9ed2bed8e541f216a47de26798269d_f17147b9-8ced-4e73-b5b5-9c0c1fd8a94f.jpg?v=1778627160&width=480&height=480&crop=center&format=webp,https://www.fashionphile.com/products/louis-vuitton-calfskin-monogram-shadow-discovery-bumbag-pm-black-1882127
Chanel,CHANEL Caviar Stitched Jumbo Single Flap Orange Shows Wear Est. Retail 83% below retail,1990,https://cdn.shopify.com/s/files/1/0894/3186/7695/files/3801b6d192990c70b6db7b093c231adb.jpg?v=1767860430&width=480&height=480&crop=center&format=webp,https://www.fashionphile.com/products/chanel-caviar-stitched-jumbo-single-flap-orange-1740584
Chanel,CHANEL Caviar Quilted Medium CC Filigree Vanity Case Black Shows Wear Est. Retail 29% below retail,3250,https://cdn.shopify.com/s/files/1/0894/3186/7695/files/1887a45e3fb96a47356f780cee120dc1.jpg?v=1764847292&width=480&height=480&crop=center&format=webp,https://www.fashionphile.com/products/chanel-caviar-quilted-medium-cc-filigree-vanity-case-black-1753576
Prada,PRADA Saffiano Lux Re-Edition 2005 Mini Shoulder Bag Celeste Excellent Est. Retail 33% below retail,1850,https://cdn.shopify.com/s/files/1/0894/3186/7695/files/4147edff577b8dbe8129cd1c841af2f9.jpg?v=1776905605&width=480&height=480&crop=center&format=webp,https://www.fashionphile.com/products/prada-saffiano-lux-re-edition-2005-mini-shoulder-bag-celeste-1851348
Chloe,CHLOE Raffia Calfskin Large Woody Basket Bag Black Excellent Est. Retail 13% below retail,950,https://cdn.shopify.com/s/files/1/0894/3186/7695/files/7a749def2979cdd93695101c49b546db_25768790-2be8-4aee-a169-321e272f7ccd.jpg?v=1764849369&width=480&height=480&crop=center&format=webp,https://www.fashionphile.com/products/chloe-raffia-calfskin-large-woody-basket-bag-black-1707777
Chanel,CHANEL Shiny Lambskin Quilted Mini Flap White Shows Wear Est. Retail 17% below retail,4555,https://cdn.shopify.com/s/files/1/0894/3186/7695/files/a8fdc18d4f23577260ebaa26bcd006dc.jpg?v=1764846277&width=480&height=480&crop=center&format=webp,https://www.fashionphile.com/products/chanel-shiny-lambskin-quilted-mini-flap-white-1767662
Louis Vuitton,LOUIS VUITTON Monogram Pallas Full Black Excellent Est. Retail 33% below retail,1895,https://cdn.shopify.com/s/files/1/0894/3186/7695/files/4672d73bf213704694b6a7f3d89d077e.jpg?v=1775309972&width=480&height=480&crop=center&format=webp,https://www.fashionphile.com/products/louis-vuitton-monogram-pallas-full-black-1845292
Louis Vuitton,LOUIS VUITTON Reverse Monogram Giant Onthego MM Shows Wear Est. Retail 36% below retail,2105,https://cdn.shopify.com/s/files/1/0894/3186/7695/files/506b59dbc3c1401ded222bbac5a4e155.jpg?v=1770390779&width=480&height=480&crop=center&format=webp,https://www.fashionphile.com/products/louis-vuitton-reverse-monogram-giant-onthego-mm-1797037
Hermes,HERMES Taurillon Clemence Picotin Lock 22 MM Ardoise Excellent,4750,https://cdn.shopify.com/s/files/1/0894/3186/7695/files/133fd5e669409265be235143ba50e630.jpg?v=1777470474&width=480&height=480&crop=center&format=webp,https://www.fashionphile.com/products/hermes-taurillon-clemence-picotin-lock-22-mm-ardoise-1866930
Celine,CELINE Grained Calfskin Micro Belt Bag Light Taupe Shows Wear Est. Retail 57% below retail,1220,https://cdn.shopify.com/s/files/1/0894/3186/7695/files/d2ced527549868c44436c1d00fefd7d9_6f3f6b70-a1b1-45ec-8af0-0ec1987bbeeb.jpg?v=1764846619&width=480&height=480&crop=center&format=webp,https://www.fashionphile.com/products/celine-grained-calfskin-micro-belt-bag-light-taupe-1763069
Balenciaga,BALENCIAGA Natural Smooth Calfskin Mini Rodeo Top Handle Handbag Black Shows Wear Est. Retail 25% below retail,2250,https://cdn.shopify.com/s/files/1/0894/3186/7695/files/a6c56e4fd2a66b86ebc7c824ae12d55e.jpg?v=1777913952&width=480&height=480&crop=center&format=webp,https://www.fashionphile.com/products/balenciaga-natural-smooth-calfskin-mini-rodeo-top-handle-handbag-black-1874736
Prada,PRADA Nappa Small Dada Shoulder Bag Avorio Excellent Est. Retail 15% below retail,2650,https://cdn.shopify.com/s/files/1/0894/3186/7695/files/2271622c1be8a91c5750b178edcf3745.jpg?v=1774984338&width=480&height=480&crop=center&format=webp,https://www.fashionphile.com/products/prada-nappa-small-dada-shoulder-bag-avorio-1847329
Loewe,LOEWE Calfskin Goya Backpack Black Shows Wear Est. Retail 63% below retail,895,https://cdn.shopify.com/s/files/1/0894/3186/7695/files/988ebd24f6942c47a79565ad2939c669.jpg?v=1777112125&width=480&height=480&crop=center&format=webp,https://www.fashionphile.com/products/loewe-calfskin-goya-backpack-black-1855489
Miu Miu,MIU MIU Nappa Matelasse Lux Shoulder Bag Black Shows Wear,550,https://cdn.shopify.com/s/files/1/0894/3186/7695/files/f8d35b8e089e1b423b0c96eb3f21003c.jpg?v=1776593080&width=480&height=480&crop=center&format=webp,https://www.fashionphile.com/products/miu-miu-nappa-matelasse-lux-shoulder-bag-black-1860977
Dior,CHRISTIAN DIOR Grained Calfskin Mini Saddle Bag Light Pink Excellent,3050,https://cdn.shopify.com/s/files/1/0894/3186/7695/files/a87d4492741827ba656467382402bebb.jpg?v=1776852294&width=480&height=480&crop=center&format=webp,https://www.fashionphile.com/products/christian-dior-grained-calfskin-mini-saddle-bag-light-pink-1860361
Saint Laurent,SAINT LAURENT Suede Matelasse Monogram Large Jamie 4.3 Snuff Shows Wear Est. Retail 20% below retail,3670,https://cdn.shopify.com/s/files/1/0894/3186/7695/files/eca7106ae881925676f713c3796f0a55.jpg?v=1764847150&width=480&height=480&crop=center&format=webp,https://www.fashionphile.com/products/saint-laurent-suede-matelasse-monogram-large-jamie-43-snuff-1755700
Louis Vuitton,LOUIS VUITTON Mahina Babylone Chain BB Galet Excellent Est. Retail 47% below retail,2095,https://cdn.shopify.com/s/files/1/0894/3186/7695/files/663a88505e619bfe3958da99559ffcd9.jpg?v=1775663227&width=480&height=480&crop=center&format=webp,https://www.fashionphile.com/products/louis-vuitton-mahina-babylone-chain-bb-galet-1837499
Chanel,CHANEL Lambskin Quilted XL Jumbo Single Flap Black Shows Wear Est. Retail 34% below retail,4095,https://cdn.shopify.com/s/files/1/0894/3186/7695/files/4f083ea59a31299ae34c7d34feb1c2f8.jpg?v=1774692459&width=480&height=480&crop=center&format=webp,https://www.fashionphile.com/products/chanel-lambskin-quilted-xl-jumbo-single-flap-black-1840931
Gucci,GUCCI GG Supreme Monogram Mini Cherry Chain Bag Excellent,950,https://cdn.shopify.com/s/files/1/0894/3186/7695/files/f276c290a53cfdfd0f61cb9f19eb7b5b.jpg?v=1770927699&width=480&height=480&crop=center&format=webp,https://www.fashionphile.com/products/gucci-gg-supreme-monogram-mini-cherry-chain-bag-1814920
Chanel,CHANEL Caviar Quilted Timeless Clutch Light Beige Excellent Est. Retail 1% below retail,2280,https://cdn.shopify.com/s/files/1/0894/3186/7695/files/1e6be46076873b6d3dc56808ca7eba7c.jpg?v=1770219877&width=480&height=480&crop=center&format=webp,https://www.fashionphile.com/products/chanel-caviar-quilted-timeless-clutch-light-beige-1807637
Hermes,HERMES Tadelakt Constance 18 Rouge Vif Shows Wear,9785,https://cdn.shopify.com/s/files/1/0894/3186/7695/files/1a78d8632453e8a237949987023ef3e7.jpg?v=1767860442&width=480&height=480&crop=center&format=webp,https://www.fashionphile.com/products/hermes-tadelakt-constance-18-rouge-vif-1596016
Chanel,CHANEL Lambskin Printed Fabric Medium Chanel 19 Flap Black Multicolor Excellent,6625,https://cdn.shopify.com/s/files/1/0894/3186/7695/files/d86b0cdcc8a0fa70b13d81974b1bc854.jpg?v=1764846202&width=480&height=480&crop=center&format=webp,https://www.fashionphile.com/products/chanel-lambskin-printed-fabric-medium-chanel-19-flap-black-multicolor-1769046
Chanel,CHANEL Tweed Small Messenger Flap Navy Shows Wear,4380,https://cdn.shopify.com/s/files/1/0894/3186/7695/files/ea906dc7e7e4d0efb0f5f26e001b0896_775a5c1b-6821-41f2-b8c3-f7f15ad7b9cf.jpg?v=1764849877&width=480&height=480&crop=center&format=webp,https://www.fashionphile.com/products/chanel-tweed-small-messenger-flap-navy-1675145
Gucci,GUCCI GG Supreme Monogram Calfskin Medium Padlock Top Handle Bag Beige Black Cuir Shows Wear Est. Retail 47% below retail,1220,https://cdn.shopify.com/s/files/1/0894/3186/7695/files/dbbcb93220bb5cb0f9b6f3712430f6f0.jpg?v=1770375730&width=480&height=480&crop=center&format=webp,https://www.fashionphile.com/products/gucci-gg-supreme-monogram-calfskin-medium-padlock-top-handle-bag-beige-black-cuir-1808682
Gucci,GUCCI Calfskin Matelasse Large GG Marmont Shoulder Bag Black Shows Wear Est. Retail 53% below retail,1395,https://cdn.shopify.com/s/files/1/0894/3186/7695/files/5a23dc7a2b5e0539ea8f952f615e7ac5.jpg?v=1776506775&width=480&height=480&crop=center&format=webp,https://www.fashionphile.com/products/gucci-calfskin-matelasse-large-gg-marmont-shoulder-bag-black-1858213
Chloe,CHLOE Calfskin Medium Paddington Satchel Ivory Shows Wear,1675,https://cdn.shopify.com/s/files/1/0894/3186/7695/files/5a0d7e0e401910cc3a779607a4906564.jpg?v=1764849013&width=480&height=480&crop=center&format=webp,https://www.fashionphile.com/products/chloe-calfskin-medium-paddington-satchel-ivory-1721190
Chanel,CHANEL Lambskin Quilted Top Handle Trendy CC Wallet On Chain WOC Black Excellent,4555,https://cdn.shopify.com/s/files/1/0894/3186/7695/files/18922d65e1a278143411ee8f8738f1bb.jpg?v=1771499119&width=480&height=480&crop=center&format=webp,https://www.fashionphile.com/products/chanel-lambskin-quilted-top-handle-trendy-cc-wallet-on-chain-woc-black-1815952
Louis Vuitton,LOUIS VUITTON Monogram Mini Bumbag Excellent Est. Retail 9% below retail,1960,https://cdn.shopify.com/s/files/1/0894/3186/7695/files/b701d51b67fa99816c5fd2c5e5b4d759.jpg?v=1773483187&width=480&height=480&crop=center&format=webp,https://www.fashionphile.com/products/louis-vuitton-monogram-mini-bumbag-1826571
Louis Vuitton,LOUIS VUITTON Monogram Loop Shows Wear Est. Retail 23% below retail,1960,https://cdn.shopify.com/s/files/1/0894/3186/7695/files/c022ed4131e3dedfc85569f23ef43b6b_large.jpg?v=1766073674,https://www.fashionphile.com/products/louis-vuitton-monogram-loop-1773096
Louis Vuitton,LOUIS VUITTON Monogram Toiletry Pouch On Chain Excellent Est. Retail 28% below retail,1295,https://cdn.shopify.com/s/files/1/0894/3186/7695/files/356b3b6c4cdf570e54207375ad981caf_large.jpg?v=1778510950,https://www.fashionphile.com/products/louis-vuitton-monogram-toiletry-pouch-on-chain-1876774
Hermes,HERMES Chevre Chamkila Mini Kelly Sellier 20 Jaune D'or Shows Wear,22995,https://cdn.shopify.com/s/files/1/0894/3186/7695/files/a58b05f8305bbcde15fbe2d69cfc856d_large.jpg?v=1770829728,https://www.fashionphile.com/products/hermes-chevre-chamkila-mini-kelly-sellier-20-jaune-dor-1799428
Dior,CHRISTIAN DIOR Smooth Calfskin Large Diorissimo Tote Beige Fuchsia Shows Wear Est. Retail 83% below retail,850,https://cdn.shopify.com/s/files/1/0894/3186/7695/files/dd9df66efff3f9f7901e1c8407eeaac5_large.jpg?v=1778156519,https://www.fashionphile.com/products/christian-dior-smooth-calfskin-large-diorissimo-tote-beige-fuchsia-1873465
Loewe,LOEWE Raffia Calfskin Paulas Ibiza Balloon Ruffle Basket Tote Bag Natural Tan Excellent Est. Retail 32% below retail,1160,https://cdn.shopify.com/s/files/1/0894/3186/7695/files/32a22416f55b919de72a1f4513c2b8f9_large.jpg?v=1773310401,https://www.fashionphile.com/products/loewe-raffia-calfskin-paulas-ibiza-balloon-ruffle-basket-tote-bag-natural-tan-1823765
Louis Vuitton,LOUIS VUITTON Monogram Giant Spring In The City Neverfull MM Sunset Kaki Shows Wear Est. Retail 2% below retail,2645,https://cdn.shopify.com/s/files/1/0894/3186/7695/files/4ff016c834afaffa2da9623db9dda6bb_large.jpg?v=1772898912,https://www.fashionphile.com/products/louis-vuitton-monogram-giant-spring-in-the-city-neverfull-mm-sunset-kaki-1829051
Louis Vuitton,LOUIS VUITTON Epi Electric Sobe Clutch Black Shows Wear Est. Retail 50% below retail,650,https://cdn.shopify.com/s/files/1/0894/3186/7695/files/5ed437eec7a14e9f7efdc56e79ed6071_large.jpg?v=1775924839,https://www.fashionphile.com/products/louis-vuitton-epi-electric-sobe-clutch-black-1853563
Hermes,HERMES Epsom Kelly Sellier 25 Black Excellent,30995,https://cdn.shopify.com/s/files/1/0894/3186/7695/files/6169ae22a5ed0d0de42e7a7e0a0dbeca_large.jpg?v=1778527054,https://www.fashionphile.com/products/hermes-epsom-kelly-sellier-25-black-1879482
Prada,PRADA Satin Crystal Cleo Adjustable Strap Shoulder Bag Metal Shows Wear,1895,https://cdn.shopify.com/s/files/1/0894/3186/7695/files/d7acd3a2bf80bdb48f583d1f0b53058b_large.jpg?v=1778617579,https://www.fashionphile.com/products/prada-satin-crystal-cleo-adjustable-strap-shoulder-bag-metal-1823039
Chanel,CHANEL Caviar Quilted Mini Chanel 25 Handbag White Giftable,8095,https://cdn.shopify.com/s/files/1/0894/3186/7695/files/1d84f5bd576800becef5d4885523b9b7_large.jpg?v=1774559500,https://www.fashionphile.com/products/chanel-caviar-quilted-mini-chanel-25-handbag-white-1843797
Fendi,FENDI Shiny Nappa Petite Peekaboo I SEE U Satchel Black Excellent Est. Retail 28% below retail,3175,https://cdn.shopify.com/s/files/1/0894/3186/7695/files/94aa56e84a0dece9f24f5ce14a932091_large.jpg?v=1768318999,https://www.fashionphile.com/products/fendi-shiny-nappa-petite-peekaboo-i-see-u-satchel-black-1791526
Goyard,GOYARD Goyardine Saint Louis PM Grey Shows Wear Est. Retail 10% below retail,1695,https://cdn.shopify.com/s/files/1/0894/3186/7695/files/f64637be22bc53f09581a2ca905dfec1_large.jpg?v=1774467189,https://www.fashionphile.com/products/goyard-goyardine-saint-louis-pm-grey-1845528
Chanel,CHANEL Sheepskin Quilted Small Mademoiselle Flap Black Blue Shows Wear Est. Retail 11% below retail,2855,https://cdn.shopify.com/s/files/1/0894/3186/7695/files/0911fed95ab4e2c0915dd25b68eae647_large.jpg?v=1773415336,https://www.fashionphile.com/products/chanel-sheepskin-quilted-small-mademoiselle-flap-black-blue-1829658
Louis Vuitton,LOUIS VUITTON Empreinte Vavin PM Black Shows Wear Est. Retail 55% below retail,1395,https://cdn.shopify.com/s/files/1/0894/3186/7695/files/e219dec69bd3b31ce4b45720c47303b3_large.jpg?v=1778616253,https://www.fashionphile.com/products/louis-vuitton-empreinte-vavin-pm-black-1877449
Balenciaga,BALENCIAGA Grained Calfskin Neo Classic Silver Hardware Nano City Crossbody Fluo Green Excellent Est. Retail 50% below retail,1220,https://cdn.shopify.com/s/files/1/0894/3186/7695/files/d04a0bfa8a25bc5e9be28ef225fceede_b683e6c9-dd1e-466e-99a1-c2983ee4d845_large.jpg?v=1764847238,https://www.fashionphile.com/products/balenciaga-grained-calfskin-neo-classic-silver-hardware-nano-city-crossbody-fluo-green-1754320
Dior,CHRISTIAN DIOR Smooth Calfskin Large Diorissimo Tote Blue Shows Wear,795,https://cdn.shopify.com/s/files/1/0894/3186/7695/files/a3f7b49cbed1e9b2f34c369144714d84_large.jpg?v=1778616236,https://www.fashionphile.com/products/christian-dior-smooth-calfskin-large-diorissimo-tote-blue-1871383
Gucci,GUCCI Monogram Medium Web Tote Pink Gold Shows Wear,695,https://cdn.shopify.com/s/files/1/0894/3186/7695/files/bda7fa6b06ef1737e0dcc8b12c313ed2_large.jpg?v=1778616180,https://www.fashionphile.com/products/gucci-monogram-medium-web-tote-pink-gold-1869941
Gucci,GUCCI Guccissima Medium Flat Messenger Bag Dark Brown Shows Wear,550,https://cdn.shopify.com/s/files/1/0894/3186/7695/files/d17bfe982ca56ef676427bfe4d038149_large.jpg?v=1778616168,https://www.fashionphile.com/products/gucci-guccissima-medium-flat-messenger-bag-dark-brown-1869939
Gucci,GUCCI Monogram Medium Abbey Tote Dark Brown Shows Wear Est. Retail 13% below retail,650,https://cdn.shopify.com/s/files/1/0894/3186/7695/files/9f9fd3b3bc17d4e98d7514c00e7a12af_large.jpg?v=1778616160,https://www.fashionphile.com/products/gucci-monogram-medium-abbey-tote-dark-brown-1869935
Louis Vuitton,LOUIS VUITTON Epi Pochette Accessories 21 Toledo Shows Wear Est. Retail 1% below retail,525,https://cdn.shopify.com/s/files/1/0894/3186/7695/files/3bda671eb3824184c95c40f8e8ee6d92_large.jpg?v=1778616154,https://www.fashionphile.com/products/louis-vuitton-epi-pochette-accessories-21-toledo-1869929
Chloe,CHLOE Calfskin Medium Paraty Brown Delight Shows Wear Est. Retail 66% below retail,675,https://cdn.shopify.com/s/files/1/0894/3186/7695/files/ca3ac99de292c5457638fcd693181380_large.jpg?v=1776789879,https://www.fashionphile.com/products/chloe-calfskin-medium-paraty-brown-delight-1863251
Gucci,GUCCI Metallic Calfskin Super Mini Dionysus Shoulder Bag Gold Excellent,1195,https://cdn.shopify.com/s/files/1/0894/3186/7695/files/cd060e4977a28b13fb7bef048c8027a3_large.jpg?v=1777037048,https://www.fashionphile.com/products/gucci-metallic-calfskin-super-mini-dionysus-shoulder-bag-gold-1863518
Gucci,GUCCI Calfskin Matelasse Medium GG Marmont Shoulder Tote Bag Porcelain Rose Shows Wear Est. Retail 70% below retail,750,https://cdn.shopify.com/s/files/1/0894/3186/7695/files/9ee6a66533445a571062c2998495126b_large.jpg?v=1775838774,https://www.fashionphile.com/products/gucci-calfskin-matelasse-medium-gg-marmont-shoulder-tote-bag-porcelain-rose-1854887
Chanel,CHANEL Goatskin Chic Pearls Clutch On Chain Black Excellent,2095,https://cdn.shopify.com/s/files/1/0894/3186/7695/files/4755363af29f15b70c3c950da7763160_large.jpg?v=1774432964,https://www.fashionphile.com/products/chanel-goatskin-chic-pearls-clutch-on-chain-black-1842955
Celine,CELINE Triomphe Canvas Calfskin Shopper Tote Tan Excellent Est. Retail 19% below retail,1585,https://cdn.shopify.com/s/files/1/0894/3186/7695/files/2ddac30801cfea28b2ca171e76e4641e_large.jpg?v=1771602345,https://www.fashionphile.com/products/celine-triomphe-canvas-calfskin-shopper-tote-tan-1818425
Saint Laurent,SAINT LAURENT Sheepskin Matelasse Chevron Monogram Medium College Bag Black Shows Wear,1250,https://cdn.shopify.com/s/files/1/0894/3186/7695/files/c961167ff29c994ddcf777cb6cda9beb_large.jpg?v=1776506569,https://www.fashionphile.com/products/saint-laurent-sheepskin-matelasse-chevron-monogram-medium-college-bag-black-1861705
Miu Miu,MIU MIU Nappa Matelasse Chain Crossbody Geranio Shows Wear Est. Retail 48% below retail,495,https://cdn.shopify.com/s/files/1/0894/3186/7695/files/0e48167a6473f7ad9d4d6db9bbd79297_large.jpg?v=1776788453,https://www.fashionphile.com/products/miu-miu-nappa-matelasse-chain-crossbody-geranio-1861640
Chanel,CHANEL Shiny Aged Lambskin Quilted Kiss Lock Clutch With Chain Black Shows Wear Est. Retail 66% below retail,2115,https://cdn.shopify.com/s/files/1/0894/3186/7695/files/5160f2572378ac19deb5a5749371c7bd_large.jpg?v=1771532102,https://www.fashionphile.com/products/chanel-shiny-aged-lambskin-quilted-kiss-lock-clutch-with-chain-black-1820027
Saint Laurent,SAINT LAURENT Calfskin Y Quilted Monogram Medium Loulou Chain Satchel Soil Brown Excellent,1960,https://cdn.shopify.com/s/files/1/0894/3186/7695/files/064922d744368c0888597f3bada76dae_large.jpg?v=1773246320,https://www.fashionphile.com/products/saint-laurent-calfskin-y-quilted-monogram-medium-loulou-chain-satchel-soil-brown-1830629
Balenciaga,BALENCIAGA Agneau Giant 12 Gold Hardware City Gris Fossile Shows Wear Est. Retail 15% below retail,1615,https://cdn.shopify.com/s/files/1/0894/3186/7695/files/c9b9e7151dc707fb0c5a7d5e4189ba20_large.jpg?v=1771489349,https://www.fashionphile.com/products/balenciaga-agneau-giant-12-gold-hardware-city-gris-fossile-1816783
Chloe,CHLOE Calfskin Marcie Convertible Belt Bag Cashmere Grey Shows Wear Est. Retail 37% below retail,475,https://cdn.shopify.com/s/files/1/0894/3186/7695/files/2bbb9a41c0713b66c509eb555a594959_689bd38c-4036-41a8-ac76-93000a273aaf_large.jpg?v=1765018973,https://www.fashionphile.com/products/chloe-calfskin-marcie-convertible-belt-bag-cashmere-grey-1770950
Saint Laurent,SAINT LAURENT Calfskin Matelasse Chevron Monogram Flap Wallet Black Excellent Est. Retail 9% below retail,725,https://cdn.shopify.com/s/files/1/0894/3186/7695/files/7ce95ed0cd541faaf309a14edac083d5_large.jpg?v=1778612105,https://www.fashionphile.com/products/saint-laurent-calfskin-matelasse-chevron-monogram-flap-wallet-black-1881103
Louis Vuitton,LOUIS VUITTON Monogram Sac Chien 40 Pet Carrier Shows Wear Est. Retail 45% below retail,1690,https://cdn.shopify.com/s/files/1/0894/3186/7695/files/5131110671f58b605269c095e6d6cc47_large.jpg?v=1767628608,https://www.fashionphile.com/products/louis-vuitton-monogram-sac-chien-40-pet-carrier-1787776
Louis Vuitton,LOUIS VUITTON Monogram Macassar Keepall Bandouliere 45 Excellent Est. Retail 3% below retail,2495,https://cdn.shopify.com/s/files/1/0894/3186/7695/files/12dfc3348dbd40dcb7122d28927455d2_large.jpg?v=1778611868,https://www.fashionphile.com/products/louis-vuitton-monogram-macassar-keepall-bandouliere-45-1880393
Louis Vuitton,LOUIS VUITTON Calfskin Neverfull Inside Out MM Pochette Dune Hazelnut Excellent,695,https://cdn.shopify.com/s/files/1/0894/3186/7695/files/edbb8ecec445786ddc5065740615557a_large.jpg?v=1778611805,https://www.fashionphile.com/products/louis-vuitton-calfskin-neverfull-inside-out-mm-pochette-dune-hazelnut-1880900
Chanel,CHANEL Denim Quilted Mini Pearl Crush Flap Blue Giftable,5995,https://cdn.shopify.com/s/files/1/0894/3186/7695/files/6692543c6b701609fc15c15b26f5ab3f_large.jpg?v=1778611781,https://www.fashionphile.com/products/chanel-denim-quilted-mini-pearl-crush-flap-blue-1880855
Louis Vuitton,LOUIS VUITTON Damier Ebene Alma MM Shows Wear Est. Retail 44% below retail,1095,https://cdn.shopify.com/s/files/1/0894/3186/7695/files/769c74709e257db9af4fed424294f1f4_large.jpg?v=1778611666,https://www.fashionphile.com/products/louis-vuitton-damier-ebene-alma-mm-1880616
Chanel,CHANEL Caviar Quilted Medium Double Flap Light Pink Shows Wear Est. Retail 52% below retail,5595,https://cdn.shopify.com/s/files/1/0894/3186/7695/files/35cf89658cd4ac8536f4a4be0dc154f3_large.jpg?v=1778611464,https://www.fashionphile.com/products/chanel-caviar-quilted-medium-double-flap-light-pink-1880546
Gucci,GUCCI Calfskin Matelasse Small GG Marmont Shoulder Bag Hibiscus Red Excellent Est. Retail 48% below retail,1350,https://cdn.shopify.com/s/files/1/0894/3186/7695/files/f69ce13e02e9669573e228e2a7ad5dea_large.jpg?v=1778611324,https://www.fashionphile.com/products/gucci-calfskin-matelasse-small-gg-marmont-shoulder-bag-hibiscus-red-1880434
Gucci,GUCCI Monogram Jumbo GG Textured Dollar Calfskin Web Small Tote Bag Camel Ebony New Acero Shows Wear,1295,https://cdn.shopify.com/s/files/1/0894/3186/7695/files/086af37f561d4857722b72f7f4c0606e_bb28d11e-483b-4638-bd93-fb47bd234871_large.jpg?v=1778611282,https://www.fashionphile.com/products/gucci-monogram-jumbo-gg-textured-dollar-calfskin-web-small-tote-bag-camel-ebony-new-acero-1884034
Louis Vuitton,LOUIS VUITTON Taurillon Capucines PM Rubis Excellent Est. Retail 59% below retail,2750,https://cdn.shopify.com/s/files/1/0894/3186/7695/files/42b6c5fd863a9b0b007063bc3f809d6d_large.jpg?v=1778268848,https://www.fashionphile.com/products/louis-vuitton-taurillon-capucines-pm-rubis-1875685
Saint Laurent,SAINT LAURENT Crinkled Calfskin Matelasse Monogram Baby Niki Chain Satchel Black Excellent Est. Retail 34% below retail,1895,https://cdn.shopify.com/s/files/1/0894/3186/7695/files/b14e6412759b371c9a4deb0e0842d7b7_large.jpg?v=1778611076,https://www.fashionphile.com/products/saint-laurent-crinkled-calfskin-matelasse-monogram-baby-niki-chain-satchel-black-1880346
Chanel,CHANEL Lambskin Quilted Medium Chanel 19 Flap Black Excellent Est. Retail 38% below retail,4465,https://cdn.shopify.com/s/files/1/0894/3186/7695/files/1ba06aa0d87bd5112930e49dcf4004ac_large.jpg?v=1778611050,https://www.fashionphile.com/products/chanel-lambskin-quilted-medium-chanel-19-flap-black-1880308
Louis Vuitton,LOUIS VUITTON Damier Azur Siracusa PM Shows Wear Est. Retail 19% below retail,1025,https://cdn.shopify.com/s/files/1/0894/3186/7695/files/6f1cd16da47c4b44312a87d0c0a6c529_large.jpg?v=1778610952,https://www.fashionphile.com/products/louis-vuitton-damier-azur-siracusa-pm-1880134
Fendi,FENDI Fabric Jacquard Vitello Grace FF 1974 Mini Fendi Origami Tobacco Moro Ebano Excellent Est. Retail 28% below retail,1395,https://cdn.shopify.com/s/files/1/0894/3186/7695/files/95fe6fcccd048edfde035c64c514ac2c_large.jpg?v=1778610948,https://www.fashionphile.com/products/fendi-fabric-jacquard-vitello-grace-ff-1974-mini-fendi-origami-tobacco-moro-ebano-1879940
Loewe,LOEWE Calfskin Bunny Pouch Crossbody Bag Ghost Excellent,595,https://cdn.shopify.com/s/files/1/0894/3186/7695/files/354d4cf52e9b5fcba1ef44f3b9ea6691_large.jpg?v=1778610941,https://www.fashionphile.com/products/loewe-calfskin-bunny-pouch-crossbody-bag-ghost-1879429
Louis Vuitton,LOUIS VUITTON Epi Alma Nano Black Excellent Est. Retail 18% below retail,1495,https://cdn.shopify.com/s/files/1/0894/3186/7695/files/170d629a132f0a66075de99c58baf227_large.jpg?v=1778610937,https://www.fashionphile.com/products/louis-vuitton-epi-alma-nano-black-1879399
Saint Laurent,SAINT LAURENT Box Calfskin Voltaire Top Handle Crossbody Bag Black Excellent Est. Retail 8% below retail,2295,https://cdn.shopify.com/s/files/1/0894/3186/7695/files/86a840e0b58a2de231f3997477ded45a_large.jpg?v=1778610935,https://www.fashionphile.com/products/saint-laurent-box-calfskin-voltaire-top-handle-crossbody-bag-black-1879379
Louis Vuitton,LOUIS VUITTON Monogram Saintonge Black Shows Wear Est. Retail 21% below retail,1350,https://cdn.shopify.com/s/files/1/0894/3186/7695/files/0cb3eb569976decb76095a4179c6f107_large.jpg?v=1778610786,https://www.fashionphile.com/products/louis-vuitton-monogram-saintonge-black-1879123
Dior,CHRISTIAN DIOR Oblique Mini Saddle Bag Blue Excellent Est. Retail 29% below retail,2295,https://cdn.shopify.com/s/files/1/0894/3186/7695/files/79047b934f976ad36ca31656066b49e2_large.jpg?v=1778610783,https://www.fashionphile.com/products/christian-dior-oblique-mini-saddle-bag-blue-1879058
Chanel,CHANEL Caviar Quilted Medium Double Flap Light Pink Shows Wear Est. Retail 57% below retail,4995,https://cdn.shopify.com/s/files/1/0894/3186/7695/files/7447731133664d97ce64ba37bfb03023_large.jpg?v=1778610777,https://www.fashionphile.com/products/chanel-caviar-quilted-medium-double-flap-light-pink-1879029
Dior,CHRISTIAN DIOR Grained Calfskin Saddle Bag Red Shows Wear,3195,https://cdn.shopify.com/s/files/1/0894/3186/7695/files/568d436a830ec0e152ce606804144215_large.jpg?v=1778610722,https://www.fashionphile.com/products/christian-dior-grained-calfskin-saddle-bag-red-1878137
Gucci,GUCCI Azalea Calfskin Web Mini Horsebit 1955 Shoulder Bag Bubble Tea Excellent Est. Retail 38% below retail,2195,https://cdn.shopify.com/s/files/1/0894/3186/7695/files/07a9f02eb493e1c08c01026894465816_large.jpg?v=1778610661,https://www.fashionphile.com/products/gucci-azalea-calfskin-web-mini-horsebit-1955-shoulder-bag-bubble-tea-1880197
Saint Laurent,SAINT LAURENT Grain De Poudre Textured Mixed Matelasse Triquilt Monogram Clutch Black Excellent Est. Retail 8% below retail,825,https://cdn.shopify.com/s/files/1/0894/3186/7695/files/d7b40fba574b43139d777245e2a343a3_large.jpg?v=1778610632,https://www.fashionphile.com/products/saint-laurent-grain-de-poudre-textured-mixed-matelasse-triquilt-monogram-clutch-black-1880184
Chloe,CHLOE Grained Calfskin Large Tess Bag Black Excellent Est. Retail 42% below retail,1160,https://cdn.shopify.com/s/files/1/0894/3186/7695/files/85719335d66d350723249f5c436e2ea7_large.jpg?v=1769102794,https://www.fashionphile.com/products/chloe-grained-calfskin-large-tess-bag-black-1799616
